{
  "top_1": {
    "anls": 0.5853578719623442,
    "hit@1": 0.6779661016949152
  },
  "top_3": {
    "anls": 0.6821092843917228,
    "hit@3": 0.8813559322033898
  },
  "top_5": {
    "anls": 0.7635316838599846,
    "hit@5": 0.9661016949152542
  }
}