{
  "top_1": {
    "anls": 0.8056968550131917,
    "hit@1": 0.6779661016949152
  },
  "top_3": {
    "anls": 0.8685499623578244,
    "hit@3": 0.8813559322033898
  },
  "top_5": {
    "anls": 0.9273734917695892,
    "hit@5": 0.9661016949152542
  }
}