{
  "top_1": {
    "anls": 0.5932203389830508,
    "hit@1": 0.7796610169491526
  },
  "top_3": {
    "anls": 0.6949042328795925,
    "hit@3": 0.8983050847457628
  },
  "top_5": {
    "anls": 0.8143791414871032,
    "hit@5": 0.9322033898305084
  }
}