{
  "top_1": {
    "anls": 0.8564451572817778,
    "hit@1": 0.7796610169491526
  },
  "top_3": {
    "anls": 0.935017227229875,
    "hit@3": 0.8983050847457628
  },
  "top_5": {
    "anls": 0.9160740567413405,
    "hit@5": 0.9152542372881356
  }
}